Rèf 10max;Libelle Univers;Monde;Libelle;Descriptif
010101;Dessins Animes;Dragon Ball Z;Buu;"Une création maléfique
Majin Buu (ou Boo) est l'un des principaux ennemis de Goku dans Dragon Ball Z, les fameux mangas et dessins animés japonais. Main Buu est une création de Bidibi. Il n'a aucune notion du bien ou du mal et manque de tuer son créateur plusieurs fois par simple amusement. Comme nombre des ennemis de Goku, il finira par devenir bon grâce à Satan, son chien récemment adopté qui perd la vie et lui apprend ainsi l'importance de la vie.

Un méchant tout rose
Majin Buu est ici représenté sous son aspect le plus sympathique avec ce corps rose et tout rond. On retrouve donc bien ce pantalon blanc large ainsi que cette cape violette. Avec cela, il porte une courte veste sans manche assortie à sa ceinture noire et jaune où l'initiale de son nom est gravée. Au niveau de la tête, on retrouve cette forme de tête étrange qui le fait ressembler à un génie. Ses grands yeux sont noirs et Funko lui, pour une fois, donné une grande bouche souriante."
010102;Dessins Animes;Dragon Ball Z;Goku;"Le jeune héros
Goku est le personnage principal des mangas et dessins animés Dragon Ball Z. Dans la première série Dragon Ball, c'était un jeune garçon particulièrement doué pour les arts martiaux qui combattait de nombreux vilains de toutes sortes. Dans Dragon Ball Z, il est adulte et marié et il va découvrir qu'il vient en fait d'une autre planète de guerriers redoutables. Ses combats et ses ennemis vont alors prendre une autre ampleur.

Un jeune Goku sur son nuage
Goku est ici représenté enfant sur le nuage magique qui lui sert de moyen de transport et qui lui a été offert par Master Roshi après qu'il ait sauvé Turtle. On le retrouve donc avec sa combinaison d'entrainement bleue et ses sandales. Au niveau de la tête, son visage est basique mais on retrouve bien cette fameuse coupe de cheveux en pics si caractéristique du personnage. Enfin, il est bien sûr représenté sur son fameux nuage jaune se terminant par cette drôle de petite pointe."
010103;Dessins Animes;Dragon Ball Z;Vegeta;"L'anti-héros populaire
Vegeta est un personnage incontournable de la saga DragonBall. Aux origines de l'histoire, il est le prince de la planète Vegeta et le fils du roi Vegeta. Son caractère très orgueilleux et radical le pousse à faire de Son Goku son rival, dès leur enfance. Il sait par ailleurs faire preuve d'une intelligence redoutable dès lors qu'il s'agit de mener la quête des Dragon Balls sur la planète Namek. Mais face aux menaces les plus extrêmes, il va apprendre à mettre sa fierté de côté : au cours de l'histoire, Vegeta va essuyer de nombreuses défaites, notamment face à Cell et Boo, mais également plusieurs fois contre Freezer. L'issue lui sera même fatale une fois, avant d'être finalement ressuscité. Au cours de la saga ""Résurrection de Freezer"", Vegeta est une énième fois confronté à Freezer, alors que ce dernier envisage d'attaquer la Terre. C'est au cours de cet ultime combat que Vegeta (ainsi que Goku) se transforme et accède à un nouveau stade divin : celui de Super Saiyan God combiné à celui de Super Saiyan classique, lui permettant de rivaliser contre Freezer et sa transformation ""Golden"".

Vegeta en Super Saiyajin Divin
À force de s'entraîner avec Whis, maître et serviteur de Beerus (dieu de la destruction), et de frôler la mort dans de nombreux combats, Vegeta atteint un nouveau stade divin. En accédant à ce stade de Super Saiyan God Super Saiyan (appelé également ""Super Saiyan Blue""), Vegeta acquiert une aura bleutée et des cheveux devenus couleur cyan, parfaitement représentés sur cette figurine. On retrouve ses yeux froncés, caractéristiques du personnage, et devenus bleus depuis la transformation. Sa longue chevelure hérissée, habituellement noire, est ici de couleur bleu pour les mêmes raisons. On aperçoit également un symbole sur l'uniforme, près du cœur : il s'agit de la signature de Whis, dessinée par ce dernier au cours d'un entraînement pour démontrer à Son Goku et Vegeta qu'ils sont encore trop lents. On remarque enfin que sa tenue n'est pas la même que sur la figurine précédente de Vegeta : il sera en effet amené à en changer après l'avoir endommagée au vaisseau de Freezer durant la saga Namek. Il passe ainsi d'une tenue principalement bleue, à une tenue principalement noire avec des armures blanches et des renforts jaunes, qu'on retrouve sur la figurine conçue par Funko."
010201;Dessins Animes;Marvel;Deadpool;"Un mercenaire pas comme les autres
Deadpool est le héros des comics Marvel du même nom. D’abord apparu en tant qu’ennemi puis allié de Wolverine dans les comics X-Men, le plus célèbre des mercenaires a finalement eu le droit à sa propre série. Ancien mercenaire de la CIA, Deadpool souffrait d’un cancer incurable quand il a accepté de participer à des expériences scientifiques qui pourraient lui permettre de guérir. L’expérience a en partie réussi, le guérissant de son cancer et le rendant même quasi immortel mais le défigurant aussi gravement après qu’il ait subi de nombreuses tortures. C’est alors qu’il devint le justicier Deadpool. Il est surtout célèbre pour sa morale douteuse, son humour noir et décalé ainsi que sa tendance à briser le fameux quatrième mur.

Deadpool à cheval
Dans les comics, on a pu se rendre compte que Deadpool adore se déguiser, portant toujours les costumes par-dessus sa propre tenue de Deadpool pour ajouter au ridicule de la situation. Sur cette figurine exclusive pour la SDCC 2016, Deadpool porte son habituelle combinaison rouge avec quelques touches de noir et ces harnais autour du torse et des jambes qui permettent de porter ces armes. Mais en plus de ça, il porte un chapeau de cowboy sur la tête et tient une tête de cheval en peluche sur un baton."
010202;Dessins Animes;Marvel;Spiderman;"Une nouvelle version de Spiderman
Spiderman est l'identité secrète de Peter Parker, un lycéen ayant obtenu des super pouvoirs suite à la morsure d'une araignée radioactive. Spiderman est l'un des héros Marvel les plus populaires et après en avoir perdu les droits au cinéma pendant des années, ils ont en enfin récupéré les droits. Après une première apparition remarquée dans Captain America Civil War, Spiderman fait son retour dans le premier film produit par Marvel qui lui est intégralement consacré. Dans ce film, après avoir participé au combat aux côtés d'Iron Man, Tony Stark est devenu le mentor de Peter Parker. Mais celui-ci a envie de mener ses propres combats et c'est alors que débarque à New-York le mystérieux Vulture.

Un costume mythique
Alors que la plupart des héros Marvel ont vu leur costume remis au goût du jour avec des couleurs moins vives, celui de Spiderman reste assez proche de son design de base. On retrouve bien cette alliance de bleu et de rouge tous les deux très vifs. Sur son torse, on retrouve son logo d'araignée et une cagoule cache intégralement son visage. Pour cette version du personnage, Spiderman peut projeter des toiles d'araignée grâce à un gadget qu'il a créé et que l'on peut voir à ses poignets. Enfin, il est représenté dans une posture dynamique comme s'il était justement sur le point d'utiliser ses gadgets."
010203;Dessins Animes;Marvel;Tony Stark;"Le mentor
Tony Stark est un personnage important de Spiderman Homecoming, la nouvelle version de l'histoire du fameux homme araignée, cette fois réalisée par les studios Marvel qui ont récupéré les droits du personnage. Dans le film Captain America Civil War, Tony Stark a besoin d'aide afin de stopper la mission de Captain America et il va donc recruter un jeune lycéen New-Yorkais se servant de ses pouvoirs acquis par la morsure d'une araignée radioactive pour aider les gens. Après cette mission réussie, Peter retourne chez lui mais il est surveillé de près par Tony Stark qui devient un peu son mentor, le jeune homme n'était pas juste un super-héros mais aussi un passionné de science. Lorsqu'un nouveau personnage aux mauvaises intentions fait son apparition à New York, Peter Parker va pouvoir apprendre ce que c'est vraiment que d'être un super-héros.

Un look toujours aussi cool
Malgré son statut de milliardaire, Tony Stark a très souvent un look plutôt décalé. Ici, il porte un simple pantalon noir avec des baskets assorties. En haut, il porte une veste de costume grise par dessus un t-shirt blanc avec un motif de chat qui ressemble très fortement à la figurine pop de chat calico Funko. Au niveau de la tête, on retrouve bien sûr son bouc et sa coupe de cheveux caractéristique ains que des lunettes de soleil un peu rétro au large cadre et aux verres jaunes."
010301;Dessins Animes;South Park;Cartman;"Le pire personnage de la série
Cartman est l'un des personnages principaux du fameux dessin animé South Park. Comprenant à ce jour 20 saisons, ce dessin animé met en scène quatre petits garçons d'école primaire vivant dans la petite ville de South Park dans le Colorado. Bien que se concentrant sur la vie de quatre enfants (qui n'ont d'ailleurs pas grandi depuis leur création en 1997), ce dessin animé est pour un public averti. Il inclut parfois des notions de politique ou de surnaturel mais surtout il est basé sur un humour très souvent noir, grivois, absurde et pas du tout politiquement correct. Cartman est un petit garçon obèse qui restera toujours ami avec les autres malgré son affreux caractère. En effet, il est raciste, homophobe, antisémite, égoïste et n'hésite pas à utiliser cela contre ses propres amis.

Une version particulière de Cartman
Etonnamment, pour cette première série de figurines South Park, Funko a décidé de représenter les personnages pendant un personnage bien spécifique de la saison 14 de la série : L'éveil de Mysterion, se concentrant sur le super-héros sévissant à South Park depuis quelques temps. Cartman est ici représenté avec son habituel manteau rouge et ses gants jaunes. Au niveau de la tête, il porte son habituel bonnet bleu et jaune et exceptionnellement de grosses lunettes carrées. Il porte aussi une pancarte comme on peut en trouver chez l'ophtalmologiste mais où est écrit : I AM A LITTLE PIG, comme dans l'épisode."
010302;Dessins Animes;South Park;Kenny;"Le personnage qui ne meurt jamais
Kenny est l'un des personnages principaux de la fameuse série animée de Trey Parker et Matt Stone, South Park. Cette série au graphisme très simple raconte la vie de quatre jeunes écoliers dans la ville de South Park. Kenny a la particularité d'avoir toujours le visage en partie caché par son anorak, ce qui fait qu'on ne comprend jamais ce qu'il dit. C'est aussi le personnage qui meurt à chaque épisode pour que les autres personnages puissent dire ""oh mon dieu, ils ont tué Kenny"". Il revient en revanche toujours dans le suivant comme si de rien n'était.

Kenny le zombie
Cette figurine exclusive Hot Topic s'inspire d'un épisode bien particulier de la saison 1. Kenny est tué au début de l'épisode par la station mir qui s'écrase sur lui. A la morgue, l'employé fait tomber de la sauce Worcestershire dans son fluide d'embaumement et Kenny se réveille sous forme de zombie. C'est alors que commence ce que toute la ville prend pour une épidémie de conjonctivite. Comme d'habitude, on retrouve son fameux anorak orange ne laissant apparaitre qu'une partie de son visage. Celui-ci est troué par endroits, laissant apparaitre ses os. On peut aussi voir que Kenny a été recousu directement avec son anorak sur tout le milieu de son corps."
010303;Dessins Animes;South Park;Mysterion;"L'identité secrète de Kenny
Mysterion est l'identité secrète de Kenny dans le fameux dessin animé South Park. Ce dessin animé pour adultes se concentre sur la vie de quatre enfants de dix ans dans la petite ville américaine de South Park. Parmi eux il y a Kyle et Stan mais aussi Cartman, petit garçon obèse, raciste et misogyne à qui l'on doit probablement les pires répliques de la série. Mais il y a aussi Kenny dont la voix est toujours inaudible à cause de son anorak et qui meurt à la fin de chaque épisode pour revenir au début du suivant sans explication. Dans certaines épisodes, il se transforme en un super héros masqué du nom de Mysterion qui combat notamment le ""Coon"" un super vilain joué par Cartman.

Le pouvoir de Kenny
Comme dans la série, Kenny a un costume qui permet réellement de cacher son identité. Il est constitué d'une combinaison violette avec un M sur la poitrine ainsi que d'une cape et d'un col roulé assorti. Au niveau de la tête, un masque couvre tout le haut de son visage et une capuche violette couvre ses cheveux. enfin sur le dessus de sa tête, il porte un sigle en forme de point d'interrogation qui n'est pas sans rappeler le célèbre ""riddler"" de l'univers DC Comics."
010401;Films;Harry Potter;Ginny;"Une cadette prometteuse
Ginny Weasley est la plus jeune de la nombreuse famille Weasley dans la fameuse saga littéraire et cinématographique Harry Potter, l’histoire du petit orphelin anglais apprenant du jour au lendemain qu’il est un sorcier. Ginny a un an de moins que son frère Ron, le meilleur ami d’Harry Potter et elle n’apparaitra réellement dans l’histoire qu’à partir du deuxième film quand Lucius Malfoy glisse le journal enchanté de Tom Riddle alias Voldemort. Au fur et à mesure des années, la jeune Ginny se révèle être de plus en plus brillante, égalant presque Hermione. Un peu plus tard, Ginny rejoint même l’équipe de quidditch en tant que « chaser » et c’est en partie ce qui va la rapprocher d’Harry même si cet aspect est assez peu développé dans les films.

Une vraie Gryffindor
Pour cette figurine exclusive aux magasins Barnes & Noble, Funko a décidé de représenter Ginny avec sa tenue de quidditch et étant donné qu’on ne la voit pas la porter avant le sixième film, elle est très probablement tirée d’une scène de ""Harry Potter and The Half Blood Prince ». Elle porte donc la tenue complète de quidditch avec les chaussures marrons ansi que les jambières et protections de bras assorties. Ensuite, elle porte bien sûr cette robe de sorcier aux couleurs de Gryffindor plus courte et donc adaptée à la pratique du quidditch. Dans sa main droite, elle tient son balai dont les détails sont joliment représentés. Enfin au niveau de la tête, on reconnait ses longs cheveux roux typiques des Weasley."
010402;Films;Harry Potter;Harry;"Harry et son mystérieux cadeau
Harry Potter est le personnage principal de la saga cinématographique Harry Potter inspirée de la cultissime saga littéraire pour enfant Harry Potter. C’est un jeune garçon anglais qui découvre le jour de ses onze ans qu’il est un sorcier. A partir de là, il va découvrir les merveilles du monde des sorciers mais aussi ses dangers et surtout les sombres circonstances qui l’ont rendu orphelin à l’âge de un an. En troisième année, Sirius Black, son parrain et celui qui aurait à priori trahi ses parents, s’échappe de la prison d’Azkaban. Alors que tout le monde pense qu’il va tenter de retrouver Harry pour le tuer, on se rend finalement compte que Sirius veut retrouver le véritable coupable ayant trahi les parents d’Harry, qui n’est d’autre que Peter Pettigrew se cachant depuis des années sous les traits de Scabbers, le rat de Ron. A la fin du film alors que Sirius est parvenu à s’échapper sur le dos de l'hyppogriffe Buckbeak, il envoie à Harry un cadeau très spécial, le tout nouveau modèle de balai Firebolt.

Harry va pouvoir s'envoler
Pour cette figurine exclusive pour les magasins Box Lunch, Funko a choisi de représenter Harry avec sa tenue classique d’étudiant de Poudlard mais aussi avec son balai Firebolt. Cela fait donc référence à une scène bien spécifique de la fin du film quand Harry reçoit son fameux cadeau. Il porte donc un uniforme constitué d’un pantalon, de chaussures et d’un gilet noirs bordés de bandes aux couleurs de la maison Gryffondor et avec cela il porte son habituelle cape de sorcier. Au niveau du visage, on reconnait bien ses fameuses lunettes et sa cicatrice en forme d’éclair. Enfin, il tient dans ses mains son fameux balai Firebolt auquel est attaché trois plumes d’hyppogriffe comme un message que ce balai est un cadeau de Sirius."
010403;Films;Harry Potter;Lupin;"Un gentil loup garou
Remus Lupin est un personnage de la saga littéraire et cinématographique Harry Potter, l’histoire de ce fameux petit orphelin anglais apprenant qu’il est sorcier le jour de ses onze ans. Remus Lupin apparait pour la première fois dans le troisième opus en tant que nouveau professeur de défense contre les forces du mal. Très vite, Harry apprend qu’il était aussi un des meilleurs amis de ses parents ainsi que de Sirius Black, l’ami de ses parents les ayant à priori trahi et dénoncé à Voldemort. Plus tard dans le film, Harry apprendra qu’il est en fait un loup-garou et que Sirius Black ne s’est pas échappé de prison pour le tuer mais rétablir la vérité et le fait que c’est en fait leur ami Peter Pettigrew qui les trahis. Lupin sera de retour dans le cinquième film. Voldemort étant officiellement de retour, les membres de l’ordre du Phoenix se reforment pour le combattre et Lupin en fait partie. On le retrouvera à nouveau dans le sixième film de manière plus anecdotique, notamment lorsqu’on apprend que Tonks et lui sont maintenant en couple. Enfin, il sera de retour avec le reste de l’ordre lors de la bataille finale de Poudlard durant laquelle lui et Tonks périront et laisseront la garde de leur fils à Harry.

Une créature pas très gracieuse
Cette figurine en exclusivité pour Hot Topic représente donc Lupin sous sa forme de loup-garou. Dans le monde d’Harry Potter, les loup-garous ne sont pas des créatures très gracieuses et c’est très bien représenté ici. Son corps gris clair sans quasiment la moindre fourrure est vaguement humanoïde avec de longs bras touchant presque le sol et se terminant par des griffes et des jambes moitié humaines, moitié canines. Au niveau de la tête, il a presque l’allure complète d’un loup avec un museau allongé, une truffe noire, d’impressionnants crocs et des oreilles pointues. Seuls ses yeux d’un jaune surnaturel rappelle le fait que ce n’est pas la tête d’un loup ordinaire."
010501;Films;Le Seigneur Des Anneaux;Azog;"Azog le profanateur
Azog est un personnage de la trilogie cinématographique ""Le Hobbit"" de Peter Jackson. Alors qu'Azog n'est que mentionné dans le roman de J.R.R. Tolkien dont les films sont inspirés, il a ici un rôle nettement plus important et son histoire est un peu différente. Dans cette histoire, une compagnie de nains menée par Thorin-Ecu-de-Chêne, se lance dans un voyage vers la montagne solitaire. Ils ont pour objectif de reconquérir Erebor, le royaume sous la montagne, qui leur a été volé, de nombreuses années auparavant, par le terrible dragon Smaug. Ils sont pour cela aidés par Gandalf le magicien et le hobbit Bilbo, engagé en tant que cambrioleur. Azog est un orc que Thorin pensait avoir tué pendant la bataille pour le royaume de la Moria. En effet, alors qu'Azog venait de tuer Thror, son grand-père, Thorin prit les armes et coupa le bras d'Azog, le laissant pour mort. Mais, plusieurs années plus tard, lorsque Thorin se lance dans sa quête pour reconquérir Erebor, Azog est envoyé par Sauron pour le suivre et le tuer. Et il compte bien prendre sa revanche !

L'orc au crochet
Azog est souvent surnommé ""The Pale Orc"" à cause de sa peau blanche et Funko n'a bien sûr pas oublié de représenter ça, ainsi que les cicatrices qui recouvrent sur sa peau et lui donnent un aspect encore plus malsain. Comme la plupart des orcs, sa tenue est très minimaliste : un simple pagne de cuir et des bottes. Mais Funko a tout de même finement reproduit les détails de sa ceinture et des sangles qui entourent une partie de son torse. Comme dans le film, sa main coupée a été remplacée par une sorte de crochet, et sur l'autre bras il porte une épaisse armure de cuir hérissée de pointes métalliques. Son visage a la forme classique des figurines pop mais Funko a aussi rajouté des oreilles pointues et du volume au niveau des arcades sourcilières pour lui donner un air plus féroce. Ses yeux sont noirs et, là encore, on retrouve de nombreuses cicatrices. Pour une fois, Funko a décidé de lui donner une bouche afin qu'il puisse montrer son impressionnante dentition en pointes !"
010502;Films;Le Seigneur Des Anneaux;Gollum;"Le premier porteur de l'anneau
Gollum est un personnage de la trilogie cinématographique de Peter Jackson ""Le Hobbit"" et du roman ""Bilbo Le Hobbit"" de J.R.R. Tolkien dont le film est l'adaptation. Dans ""Le Hobbit"", Gollum n'a que très peu de temps à l'écran et uniquement pendant le premier volet. Mais la scène qu'il partage avec Bilbo aura une importance capitale dans la suite de ""The Hobbit"", la trilogie ""Le Seigneur Des Anneaux"". Gollum est une créature plutôt repoussante, à la peau grise, à la tête disproportionnée se déplaçant de manière presque animale. Le hobbit Bilbo le croise une première fois lorsqu'il se trouve bloqué au fond d'une caverne après s'être battu avec l'un des gobelins qu'il l'occupe. Gollum vient récupérer le corps du gobelin pour le manger mais perd sans s'en rendre compte son mystérieux anneau d'or. Plus tard, Bilbo le croise à nouveau lorsqu'il essaie de trouver la sortie. Si Bilbo gagne le match d'énigmes, Gollum lui montrera la sortie, s'il perd Gollum le tuera ! Mais c'est seulement après avoir perdu le match que Gollum se rend compte que Bilbo a trouvé son anneau. Si Gollum reste assez mystérieux dans ""Le Hobbit"", dans ""Le Seigneur Des Anneaux"" on apprend que ce fameux anneau n'était rien de moins que l'anneau créé par Sauron pour prendre le contrôle de la Terre Du Milieu et que Gollum, à l'époque Smeagol, était un hobbit quand il a trouvé ce fameux anneau. Son pouvoir maléfique l'a poussé à tuer l'un de ses amis pour s'en emparer. Il s'est isolé des siens et s'est transformé physiquement au point de devenir la créature Gollum.

Un hobbit méconnaissable
Bien qu'il ait été un hobbit, l'anneau l'a tellement transformé au cours des années qu'il est difficile de voir une quelconque ressemblance entre Gollum et un hobbit comme Bilbo, si ce n'est peut-être ses grands pieds. Sur la figurine de Funko, on retrouve donc bien cette peau gris/rose assez malsaine et ce corps maigre qui n'a quasiment plus que la peau sur les os. Vivant à l'état sauvage depuis de très longues années (l'anneau ayant prolongé sa vie de manière anormale), il n'a plus de vrais vêtements, mais un simple pagne de haillons, vestige de ses vêtements de hobbit. Enfin l'élément le plus caractéristique de ce personnage, c'est son visage. Avec ses gros yeux cernés de gris, il se prête particulièrement bien au style des figurines pop! et de leurs yeux noirs. Funko a pour une fois décidé de lui donner une grande bouche afin de bien montrer ses vilaines dents peu nombreuses mais souvent taillés en pointe. Enfin, les créateurs de la figurine ont bien représenté les quelques cheveux qu'il lui reste sur la tête !"
010503;Films;Le Seigneur Des Anneaux;Smaug;"Le fléau d'Erebor
Smaug est un personnage du roman ""Bilbo Le Hobbit"" de J.R.R. Tolkien et de la trilogie cinématographique de Peter Jackson qui en est l'adaptation. Bien qu'il soit au centre de l'histoire, Smaug n'a finalement qu'assez peu de temps à l'écran, à la fin du deuxième volet et au début du troisième. Smaug est un dragon qui fût attiré par le royaume nain d'Erebor sous la montagne solitaire. En effet, Thror, roi d'Erebor, était devenu maladivement obsessionnel et ne pensait plus qu'à amasser toujours plus de trésors. Attiré par l'odeur de tout cet or, Smaug attaqua le royaume et la ville voisine de Dale et prit possession du royaume et de son trésor. Au début de l'histoire du Hobbit, Thorin, héritier de Thror, met en place une équipe composée de 13 nains, Gandalf le magicien et le hobbit Bilbo pour aller reprendre possession de son héritage. Smaug est particulièrement immense et puissant mais comme tous les dragons, il est aussi avide et très imbus de lui-même.

Un dragon furieux
Le dragon créé par Peter Jackson dans les films est très fidèle à celui décrit dans le roman de Tolkien. Funko a, de son côté, bien travaillé pour en faire une version pop! très proche de celui du film. Comme dans le film, Smaug est donc de couleur rouge foncé avec un poitrail un peu plus clair. Pour coller aux proportions habituelles des figurines pop, le dragon est au format super sized (15 cm), représenté assis, ses ailes de type chauve-souris repliées dans son dos. La texture écailleuse de son corps est finement représentée mais la partie la plus réussie et détaillée de ce personnage est probablement sa tête. Funko a joliment arrangé les différentes pointes et cornes qui ajoutent au côté féroce et reptilien du personnage. Ils lui ont cette fois donné une bouche qui découvre deux belles rangées de dents en pointe ainsi qu'un vrai museau au lieu de l'habituel petit nez triangulaire. Comme la plupart des figurines pop, ses yeux sont noirs mais cette fois pas tout à fait ronds pour lui donner cette expression fâchée. Smaug existe aussi dans une version exclusive avec des yeux jaunes et une autre encore plus rare avec le corps entièrement doré, faisant référence à l'une des scènes du film."
010601;Films;Star Wars;Andor;"Un officier de l'alliance rebelle
Cassian Andor est un personnage de Rogue One, le premier film de la nouvelle saga Star Wars se déroulant peu de temps avant le début de la trilogie originale. Cassian Andor est un officier de renseignement travaillant pour l'alliance rebelle. C'est notamment lui qui va reprogrammer K-2SO, un robot de l'empire, afin qu'il devienne fidèle à l'alliance rebelle. Il sera aussi en charge de surveiller Jyn Erso lors de sa mission au sein de l'empire, en raison de sa nature un peu imprévisible.

Cassian habillé pour le froid
Sur cette figurine, on peut voir le capitaine Cassian Andor habillé pour le froid comme sur certaines photos promo. On retrouve donc son pantalon beige matelassé avec ses bottes marron foncé ainsi que les gants et la ceinture assortis. En plus de ça, il porte sa parka bleu/gris bordée de fourrure et dont les détails sont particulièrement bien rendus. Dans sa main droite, il tient son arme dont les détails sont aussi très bien rendus. Au niveau de la tête, on retrouve bien son léger bouc caractéristique ainsi que ses cheveux châtains en bataille."
010602;Films;Star Wars;C2B5;"Un robot à l'allure familière
C2-B5 est un nouveau modèle de robot dans Rogue One, le premier film de la nouvelle saga Star Wars se déroulant entre la deuxième et la première trilogie mais bien plus proche de la première. Bien que ressemblant fortement au fameux petit robot R2-D2, C2-B5 est un robot servant l'empire galactique, d'où sa couleur noire probablement. On ne connait pas son rôle précis dans l'histoire mais on sait que dans ce film l'alliance rebelle tentera de s'infiltrer au sein de l'empire afin de voler les plans de l'étoile noire en construction à cette époque.

Un robot à la drôle d'allure
Ce petit robot n'est bien sûr pas sans rappeler le fameux R2-D2 dont il est clairement une version ""méchante"" et noire servant l'empire galactique. On retrouve bien ce corps cylindrique avec tous ces petits boutons à la mode science-fiction rétro ainsi que les deux ""jambes"" qui lui permettent de se déplacer. Contrairement à toutes les figurines funko classiques il n'a qu'un seul gros oeil noir pour respecter l'aspect du personnage."
010603;Films;Star Wars;Trooper;"Les gardes du corps d'Orson Krennic
Les Imperial Death Trooper sont un corps d'élite de l'armée de l'empire dans le premier film de la nouvelle saga Star Wars: Rogue One. Ces Death Troopers se démarquent des autres par leur armure entièrement noire et leur armement encore plus perfectionné. Ils servent de garde du corps et d'armée personnelle au directeur Orson Krennic, le chef de la division de recherche en armement avancé de l'empire galactique et le constructeur de la première étoile de la mort.

Des stormtroopers à l'allure de Darth Vader
Comme on peut le voir dans le film, ces nouveaux stormtroopers ont une armure noire contrairement à la grande majorité des stormtroopers qui étaient juste là toujours habillés de blanc. Comme toujours, on retrouve de très nombreux détails au niveau de l'armure ainsi que dans l'arme particulièrement sophistiquée qu'il tient dans ses mains. Au niveau du casque, on retrouve la forme habituelle des casques de stormtroopers si ce n'est pour la vitre verte au niveau des yeux."
010701;Jeux Videos;Assassin’s Creed;Blackflag;"L'assassin pirate
Edward Kenway est le personnage principal du jeu vidéo Assassin's Creed Iv Black Flag. C'est le grand-père de Connor, le personnage central d'Assassin's Creed III. Au début du jeu, Edward échoue sur une île, seul rescapé du naufrage de son navire après une bataille navale. Il devra d'abord combattre les Templiers puis décidera de rejoindre un groupe de pirates qui aspirent à créer un monde libre affranchi des lois.

Un assassin typique
Edward est probablement celui qui est le plus proche physiquement du premier assassin de la série : Altair. On retrouve bien cette tunique blanche avec une grande capuche ainsi qu'un pantalon de cuir marron. Comme dans le jeu, il porte une grande épée recourbée mais aussi un pistolet. On regrette juste que Funko n'ait pas représenté le détail de ses accroches de sac en tête de mort."
010702;Jeux Videos;Assassin’s Creed;Elise;"Condamnée à la Guillotine
Elise est un personnage du jeu vidéo Assassin's Creed Unity se déroulant à Paris durant la révolution française. Elise est une héritière des Templiers condamnée à la guillotine par la milice militaire de la Terreur. au début du jeu, elle va être sauvée par Arno Dorian, le héros assassin de ce jeu. Ils se battront ensuite ensemble contre l'ennemi.

Un personnage secondaire important
Si Elise ne fait pas partie de la confrérie des assassins, cela ne l'empêche pas de pouvoir se battre. Pour cette raison, sa tenue est plus celle d'un homme de l'époque que d'une femme. On retrouve donc bien cette tunique bleue ainsi que son pantalon porté avec de hautes bottes. Au niveau de la tête, on retrouve bien ses jolis cheveux roux bouclés. Enfin, elle porte son épée de la main droite et son pistolet de la main gauche."
010703;Jeux Videos;Assassin’s Creed;Plague;"Les médecins de la peste
Les médecins de la peste sont des personnages que l'on peut apercevoir dans le jeu vidéo Assassin's Creed Brotherhood. Il est la suite du jeu vidéo Assassin's Creed II et se déroule dans l'Italie du début de la Renaissance. A cette époque la peste ravagea l'Europe à plusieurs reprises, les médecins italiens prirent donc l'habitude de porter des masques avec un long bec d'oiseau censé les protéger de la contamination.

Des personnages de carnaval
A Venise, certaines personnes portaient aussi ce masque en tant que déguisement du carnaval, ce qui explique pourquoi ce docteur est habillé aussi élégamment. On retrouve donc cette longue tunique verte aux détails bleus mais on retrouve surtout ce masque caractéristique au niveau du visage ainsi que ces étranges lunettes. En tant que docteur, il tient aussi dans sa main une seringue."
010801;Jeux Videos;Tekken;Heihachi;"Un père plus que sévère
Heihachi est un personnage important de la série Tekken, l'un des jeux de combats les plus connus de la firme Namco. heihachi est un chef de la finance japonaise fou amoureux de sa femme. Mais quand celle-ci meurt en accouchant de leur fils, il blâme l'enfant. Il entraine l'enfant au combat très durement jusqu'au jour où Kazuya est gravement blessé et sur le point de mourir. Un démon lui propose alors son âme en échange de sa vie. Il accepte et grâce à la force du démon en lui, il devient un combattant hors pair et parvient à se venger de son père.

Un méchant vieux monsieur
Heihachi n'est pas vraiment le prototype du gentil vieux monsieur. Il est représenté ici avec son kimono noir et sa ceinture rouge en position de combat. Au niveau de la tête, On retrouve bien ses sourcils blancs pointant vers le haut ainsi que sa moustache lui donnant l'air de faire la tête, et bien sûr sont aussi représentés ses cheveux à la forme si particulière."
010802;Jeux Videos;Tekken;Kazama;"Le successeur
Jin Kazama est un des personnages jouables à partir du troisième épisode de la célèbre série de jeux vidéos Tekken. Il est le fils du personnage principal de la série Kazuya. Lorsqu'il a quinze ans, sa mère est violemment tuée par l'Ogre. Il va alors partir à la recherche de son grand-père et lui demander de l'entrainer avec la même dureté que son père afin qu'il puisse entrer dans le tournoi et avec la force de vaincre l'Ogre. Comme son père Jin a certaines capacités démoniaques qui le rendent notamment plus fort et plus résistant.

Le portrait de son père
Jin ressemble beaucoup à son père que ce soit physiquement ou d'un point de vue de la la tenue. Comme lui, il porte qu'un bas de kimono, noir contrairement à celui de son père qui est blanc, et des gants de protection rouges à pointes. Au niveau de la tête, il a ces mêmes étranges sourcils en pointe qui semblent être une caractéristique familiale et il porte ses cheveux noir tirés en arrière à part quelques mèches qui retombent sur son front."
010803;Jeux Videos;Tekken;King;"Le King prend sa revanche
Le Tekken King est un personnage apparaissant dans le troisième opus du jeu vidéo de combat Tekken. Le Tekken King est un catcheur qui fût élevé dans le même orphelinat que le Armor King du premier épisode et il s'inscrit au tournoi pour venger son ami. Lutteur au grand coeur, il s'inscrit aussi dans le but de gagner de l'argent afin de faire l'orphelinat dont il vient.

Le deuxième jaguar
Comme son prédécesseur, le Tekken King se bat avec un masque de jaguar (d'une couleur normale cette fois). Le personnage est donc représenté avec une tête de jaguar présentant ses dents. Au niveau du corps, il est représenté torse nu avec un collant violet et des bottes jaunes. Il porte aussi des gants assortis et est dans une attitude de combat."
010901;Jeux Videos;The Witcher;Ciri;"Un destin compliqué
Ciri, de son vrai nom Cirilla, est un personnage important de l'univers du jeu vidéo The Witcher, l'adaptation en jeu de rôle de la fameuse saga littéraire médiévale fantastique d'Andrzej Sapkowski. Ciri est la princesse de Cintra et petite fille de la reine Calanthe. Elle croisa la première fois le chemin de Geralt De Riv, le héros du jeu lorsqu'elle était encore dans le ventre de sa mère et que celui sauva son père d'une malédiction. Plus tard, elle le recroise alors qu'elle s'est réfugiée chez une famille de marchands lors de l'attaque de Cintra. Geralt l'emmène alors avec lui pour l'entrainer à devenir une sorcelleuse et c'est là qu'elle découvre qu'elle est une source, une personne ayant des capacités magiques naturelles.

La femme aux cheveux blancs
Comme dans le jeu vidéo, Ciri porte des vêtements rappelant un peu le style des mousquetaires. On retrouve ce pantalon marron avec de hautes bottes beiges à talons. Avec cela, elle porte un chemisier blanc maintenu par une large ceinture aux ornementations très finement reproduites par Funko. Dans une de ses mains gantées, elle tient son épée et l'autre est en avant comme si elle s'apprêtait à utiliser la magie. Au niveau de la tête, on retrouve la cicatrice sur son visage ainsi que ses fameux cheveux blancs."
010902;Jeux Videos;The Witcher;Eredin;"Un elfe ambitieux
Eredin est un personnage puissant et mystérieux apparaissant dans le jeu The Witcher 3, un jeu vidéo de type action/jeu de rôle se déroulant dans un univers médiéval fantastique. C'est un elfe qui décida avec son Avallac'h de tuer leur roi Auberon, reclus de son peuple depuis plusieurs années. Il croisa plus tard le chemin de Ciri, personnage important et amie de Geralt De Riv, personnage principal du jeu. Il la fit prisonnière pendant un temps jusqu'à son évasion. Il parvint à la rattraper dans un étrange forêt après l'avoir poursuivie à travers l'espace et le temps. Il la hante depuis comme un fantôme.

Un physique qui n'est pas sans rappeler Sauron
Avec son impressionnante armure et surtout son casque à pics argenté, Eredin n'est pas sans rappeler le fameux Sauron du Seigneur Des Anneaux quand celui-ci avait encore une forme physique. On retrouve bien ses vêtements rouges sous son impressionnante armure métallique aux détails très soignés comme ce motif de cage thoracique qui insiste sur le côté squelettique de son casque. En effet, au lieu d'un élément en relief au niveau du nez, on retrouve un élément aplati ressemblant très fortement à celui d'un crane humain."
010903;Jeux Videos;The Witcher;Triss;"Guérisseuse et magicienne
Triss Merigold est l'un des personnages principaux du jeu vidéo The Witcher, un jeu de type jeu de rôle se déroulant dans un univers fantastique médiévale. On y suit les aventures de Geralt De Riv, un sorcelleur, un chasseur de démons génétiquement modifié pour lui donner des capacités surnaturelles et travaillant sur contrat. Triss est la première personne à lui avoir parlé après son retour de Kaer Morhen et à son tour, il concoctera un elixir pour la soigner quand elle est gravement blessée. Triss tombera amoureuse de lui après ça mais ses sentiments ne seront pas réciproques. Triss est une excellente magicienne ainsi qu'une bonn guérisseuse bien qu'elle ne serve que rarement de potions étant qu'elle y est allergique.

Triss et ses fameux cheveux roux
Comme les autres personnages du jeu, Triss arbore une tenue s'inspirant vaguement de l'univers médiéval avec une touche rappelant le style du 18ème siècle ainsi que des éléments originaux. Elle porte un pantalon noir avec des bottes marrons à revers rouges. Sa tunique est particulièrement colorée avec son son bustier jaune et ses manches rouges et bleus. Elle porte une ceinture assortie aux détails joliment représentés. Dans sa main, elle tient une flamme orange en plastique légèrement transparent. Enfin au niveau de la tête, on retrouve bien ses joues roses ainsi que les taches de rousseur sur son visage. Enfin, Funko a bien évidemment représenté les fameux cheveux roux qui la caractérisent."
011001;Series;Breaking Bad;Gus;"Gus, le grand patron
Gustavo Fring est un personnage important de la série Breaking Bad. En effet, lorsque Walter White, professeur de chimie souffrant d'un cancer en phase terminale, se lance dans la production de méthamphétamine, il va devoir traiter avec Gustavo, grand patron du marché de la région. Appréciant la minutie de Walter, il va très vite lui confier une grande partie de sa production. Il a beaucoup de couvertures, notamment la chaîne de restaurants ""los pollos hermanos""

Un patron à l'allure respectable
Gustavo est un homme élégant à l'allure respectable. Il est ici représenté avec son fameux costume bleu, entrain de réajuster sa cravate avec sa main droite. Funko n'a bien sûr pas oublié de représenter sa peau brune et comme Walter, il porte de petites lunettes qui lui donnent un côté professeur.
"
011002;Series;Breaking Bad;Heisenberg;"La deuxième identité de Walter White
Heisenberg est le pseudonyme utilisé par Walter White, le personnage principale de la série ""Breaking Bad"", pour produire et vendre de la méthamphétamine. Professeur de chimie au lycée, il apprend un jour qu'il a un cancer en phase terminale. Avec l'aide de son ancien élève, Jesse Pinkman, il va donc se lancer dans le trafic pour offrir un meilleur avenir financier à sa famille. Pour ça il va adopter une deuxième identité : Heisenberg.

Heisenberg, le gangster au chapeau
Walter White est donc ici représenté avec le look qu'il adopte lorsqu'il prend l'identité de Heisenberg et traite avec d'autres personnes du milieu de la drogue. On retrouve donc ce look plus ""gangster"" avec un pantalon beige, une chemise grise et son fameux blouson en cuir, mais surtout son fameux chapeau et ses grosses lunettes noires. Mais sans quitter ses mocassins ! Il porte un pistolet dans une main et dans l'autre un sachet de méthamphétamine."
011003;Series;Breaking Bad;Walter;"Le professeur de chimie à moustache
Walter White est le personnage principal de la série culte de Vince Gilligan, Breaking Bad. Walter est un tranquille professeur de chimie de lycée au Nouveau-Mexique. Lorsqu'il apprend qu'il souffre d'un cancer en phase terminale, Il décide, avec l'aide de Jesse Pinkman, l'un de ses anciens élèves, de se lancer dans la fabrication de méthamphétamine. Ils installent alors leur ""laboratoire"" dans un vieux camping car dans le désert.

Des débuts pas faciles
Sur cette figurine, Walter est représenté lors de cette fameuse scène de la saison 1 où il sort de son camping car à moitié habillé, un pistolet à la main. On retrouve donc cette fameuse chemise turquoise à moitié rentrée dans son slip et ses mocassins marrons. Il tient donc son pistolet à la main et, au niveau du visage, il arbore encore ses lunettes et sa moustache de gentil professeur de chimie."
011101;Series;Games Of Thrones;Brienne;"Une guerrière sans pareil
Brienne Of Tarth est un personnage important de la série Game Of Thrones inspirée de la fameuse série de romans A Song Of Ice And Fire de George Martin, encore en cours d’écriture. Brienne apparait en cours de saison deux et bien que restant un personnage secondaire, elle prend de l’importance au fur et à mesure des saisons. Après la mort de Robert Baratheon puis la prise de pouvoir très contestée de Cersei et Joffrey ainsi que la mort de Ned Stark, le royaume est déchiré et plusieurs seigneurs entrent alors en guerre chacun voulant le trône pour lui-même. Brienne s’est déclaré pour Renly Baratheon, l’un des seuls hommes à s’être jamais montré gentil avec elle durant son adolescence malgré son physique disgracieux et considéré comme masculin. Elle est même choisie pour faire partie de sa garde personnelle après sa victoire lors d’un tournoi. Mais quand Renly est assassiné par une ombre envoyée par son frère Stannis, elle est accusée et Catelyn Stark, présente à ce moment, prend sa défense et lui propose de servir alors sa famille. A partir de ce moment, sa loyauté sera sans faille et elle fera tout pour respecter le serment qu’elle a fait à Catelyn de ramener ses filles saines et sauves chez elles à Winterfell.

Brienne après le combat
Cette figurine est une version exclusive Hot Topic de la première figurine du personnage déjà sortie quelques temps auparavant. Brienne porte toujours cette armure dorée particulièrement luxueuse montrant qu’elle vient d’une famille particulièrement aisée. Les détails de celle-ci sont particulièrement bien représentés sur cette figurine qui dépasse d’un demi-centimètre presque toutes les autres figurines de la collection. On peut voir qu’elle porte en dessous une tunique de plaques ainsi que d’épais gants noirs. Au niveau de la tête, son visage est tout simple mais on reconnait bien ses courts cheveux blonds caractéristiques. Enfin, comme sur son autre figurine, elle tient son épée dans la main droite, mais celle-ci est ici recouverte partiellement de taches de sang, ce qui montre qu’elle vient apparemment de combattre."
011102;Series;Games Of Thrones;Khalessi;"Les débuts d’une reine
Khal Drogo est l’un des personnages importants de la saison 1 de la série Game Of Thrones et Khaleesi, de son vrai nom Daenerys Targaryen en est l’un des personnages principaux. Au début de la série, Daenerys, l’une des dernières héritières des Targaryen, la famille ayant reigné sur Westeros pendant des siècles, est exilé avec son frère en Essos. celui-ci tente de regrouper une armée afin de reprendre le trône qui lui revient théoriquement de droit. Il marie alors Daenerys à un seigneur de guerre Dothraki contre l’aide de son armée. Mais contre toute attente Daenerys et Khal Drogo tombent amoureux et Viserys est exécuté après leur avoir manqué de respect à tous les deux. Khal Drogo va alors promettre à Daenerys de l’aider à retrouver son trône. Malheureusement il meurt suite à une grave blessure. Daenerys place les oeufs de dragon qui lui avaient été offert pour son mariage sur le bûcher funéraire de son mari et ceux-ci finissent par éclore alors que l’on pensait l’espèce disparu depuis toujours. Rhaegal est l’un de ces dragons, nommé ainsi en l’honneur du frère qu’elle n’a pas connu.

Un étrange pack
Ce pack propose donc trois figurines : une de Daenerys avec Rhaegal, une de Khal Drogo et une autre de Rhaegal adulte. Ce qui est un peu étrange puisqu’on représente donc deux fois le même dragon et que Khal Drogo ne devrait pas se trouver en la présence des dragons puisque ceux-ci naissent justement sur son bucher funéraire. La figurine de Khal Drogo est donc quasi identique à celle de lui déjà sortie seule. Il est représenté avec sa tenue de cuir marron Dothraki, torse nu avec ses tatouages bleus sur le torse. Au niveau de la tête, on retrouve bien sa barbe et ses longs cheveux noirs. Dans sa main droite, il tient son couteau recourbé Dothraki mais ce qui le différencie de l’autre figurine, ce sont les taches de sang sur l’arme et ses vêtements. Pour Daenerys, c’est aussi quasiment la même que la première figurine du personnage. Elle porte sa tenue de marche Dothraki avec des bottes, un pagne et un haut court découvrant son ventre pour résister à la chaleur du désert. On reconnait bien ses longs cheveux blonds nattés et le petit dragon vert sur son bras, contrairement à la figurine de base qui représente un mélange entre Drogon et Rhaegal. Son visage est aussi représenté sale, comme c’est le cas durant toute la partie de la saison deux où elle erre dans le désert. Enfin, on retrouve la figurine de Rhaegal à taille adulte et celle-ci est exactement la même que celle sortie seule."
011103;Series;Games Of Thrones;Snow;"Un bâtard devenu roi
Bien que ce ne soit pas forcément évident au tout début de la série, Jon Snow est l’un des personnages les plus importants, si ce n’est le plus important, de la série Game Of Thrones inspirée des fameux romans de George Martin. Il est officiellement le fils bâtard de Ned Stark, seigneur du Nord et de Winterfell. Sachant qu’il n’aura que peu d’occasions de se marier et de servir sa famille d’une façon ou d’une autre, il décide au début de la série de rejoindre la garde de nuit, comme son oncle Benjen. Cet ordre a promis de garder le royaume de tous les dangers qui rodent au-delà du mur de glace géant construit un peu au Nord de Winterfell. La garde étant plus souvent composée de criminels ayant choisi le mur plutôt qu’une exécution, ce jeune homme instruit et entrainé au combat se démarque immédiatement des autres. Mais lors de son premier périple sur la banquise au delà du mur, Jon va vite se rendre compte que le vrai danger ne vient pas des hommes libres y vivant mais de créatures bien plus dangereuses que tout le monde prenait depuis longtemps pour des légendes.

Jon Snow sous la neige
Cette figurine est une version exclusive « beyond the wall » de la première figurine sortie pour ce personnage. On peut le voir porter sa tenue de la garde de nuit : un pantalon et une tunique gris foncé ainsi que des bottes noires modestes. Par dessus, il porte ce fameux manteau de laine doublé de fourrure au col et maintenu autour de ses épaules par deux lanières en travers du torse. Avec cela, il porte bien sûr des gants noirs et l’épée offert à lui par Jeor Mormont, chef de la garde, après qu’il lui ait sauvé la vie. Sur son visage, on reconnait bien sa légère barbe ainsi que son bouc mais encore une fois, ses fameuses boucles noires sont un peu ratées sur cette figurine. Enfin, ce qui différencie cette figurine de la première, c’est la neige d’un joli blanc pailleté sur ses gants, bottes, épaules et le dessus de sa tête."
011201;Series;Lost;Jacob;"Le gardien de l'ile
Jacob est un personnage important de Lost apparaissant à la fin de la saison 5 et que l'on retrouve tout au long de la saison six. Dans cette série on suit les aventures d'un groupe de rescapés sur une ile déserte après le crash de leur avion au milieu du Pacifique. Jacob est le mystérieux leader des ""autres"", les habitants pas très accueillants de l'île et il en est considéré comme le gardien. Ce serait son conflit avec son frère le ""Man In Black"" qui provoqua le crash de l'avion au début de la série et il aurait aussi des pouvoirs surnaturelles.

Le sauveur
Dans la série, le personnage est considéré comme un guide aux pouvoirs surnaturelles de guérison et d'immortalité qui semble le rapprocher de Jésus et cela se retrouve bien dans son apparence. Comme on peut le voir, il porte un pantalon gris et une tunique blanche antique et il est toujours pied nu. Au niveau de la tête, on retrouve ses cheveux blond/roux assez courts ainsi que son léger bouc assorti et enfin, il tient une fiole de vin rouge la tête à l'envers dans sa main droite."
011202;Series;Lost;John;"Un personnage mystique
John Locke est un peu le guide spirituel du groupe et l'un des personnages principaux de la série Lost. Dans cette série, on suit les aventures du groupe de rescapés d'un crash d'avion ayant tous échoués sur une étrange ile déserte. Quand il a embarqué dans l'avion, John Locke avait perdu l'usage de toute la partie basse de son corps et était en fauteuil roulant. Quand il ressort vivant du crash, il a aussi retrouvé l'usage de ses jambes. C'est entre autres pour cela qu'il est persuadé que toutes les étranges choses qui arrivent sur l'ile ont une explication mystique et il va parvenir à convaincre de nombreux autres rescapés. Mais John Locke est aussi un excellent traqueur et chasseur, ce qui le rendra bien sûr très utile au groupe.

Un personnage inoubliable
John Locke est ici représenté avec tout l'attirail qui lui permet de chasser dans l'épaisse forêt de cette île pas si déserte. Il porte donc un pantalon beige avec des chaussures marrons ainsi qu'un t-shirt orange. En plus de ça, il porte son gilet vert de chasseur agrémenté de nombreux accessoires et il tient son couteau dans sa main droite. Au niveau de la tête, on retrouve bien son crane chauve ainsi que son léger bouc et surtout les cicatrices autour de son oeil droit."
011203;Series;Lost;Man In Black;"Le méchant principal de la série
Le Man In Black est un personnage important de la série Lost mais n'apparaissant sous sa vrai forme qu'à la fin de la saison cinq. Dans cette série, on suit les aventures d'un groupe de rescapés sur une ile déserte après le crash de leur avion. Ils vont très vite se rendre compte que de nombreux évènements mystérieux se déroulent sur cette ile. Ils sont régulièrement attaqués par ce qu'ils appellent le ""smoke monster"" et ce n'est donc qu'à la fin de la saison 5 qu'il apparut sous sa vraie forme. C'est un résident de l'ile depuis le premier siècle quand sa mère y échoua et donna naissance à lui et son frère jumeau avant d'être assassinée par une femme qui recueillit les deux enfants.

Un étrange méchant
Comme dans la série, le personnage du Man In Black porte sa tenue de romain. On retrouve donc son pantalon gris ainsi que sa tunique noire retenue à la taille par une ceinture de corde. Avec cela, il porte des sandales typiquement romaines noires. Au niveau de la tête, on retrouve ses cheveux gris dégarnis sur les côtés ainsi que que son bouc lui aussi gris trahissant son âge."
